[
	{"id": 1, "country_id": 10, "state_id": 208, "county_id": 1, "zip_code": 2550, "name": "25 de Mayo"}, 
	{"id": 2, "country_id": 10, "state_id": 208, "county_id": 1, "zip_code": 2550, "name": "9 de Julio"}, 
	{"id": 3, "country_id": 10, "state_id": 208, "county_id": 1, "zip_code": 2550, "name": "Adolfo Alsina"}, 
	{"id": 4, "country_id": 10, "state_id": 208, "county_id": 1, "zip_code": 2550, "name": "Adolfo Gonzales Chaves"}, 
	{"id": 5, "country_id": 10, "state_id": 208, "county_id": 1, "zip_code": 2550, "name": "Alberti"}, 
	{"id": 6, "country_id": 10, "state_id": 208, "county_id": 1, "zip_code": 2550, "name": "Almirante Brown"}, 
	{"id": 7, "country_id": 10, "state_id": 208, "county_id": 1, "zip_code": 2550, "name": "Avellaneda"}, 
	{"id": 8, "country_id": 10, "state_id": 208, "county_id": 1, "zip_code": 2550, "name": "Ayacucho"}, 
	{"id": 9, "country_id": 10, "state_id": 208, "county_id": 1, "zip_code": 2550, "name": "Azul"}, 
	{"id": 10, "country_id": 10, "state_id": 208, "county_id": 1, "zip_code": 2550, "name": "Bahia Blanca"}, 
	{"id": 11, "country_id": 10, "state_id": 208, "county_id": 1, "zip_code": 2550, "name": "Balcarce"}, 
	{"id": 12, "country_id": 10, "state_id": 208, "county_id": 1, "zip_code": 2550, "name": "Baradero"}, 
	{"id": 13, "country_id": 10, "state_id": 208, "county_id": 1, "zip_code": 2550, "name": "Bartolome Mitre"}, 
	{"id": 14, "country_id": 10, "state_id": 208, "county_id": 1, "zip_code": 2550, "name": "Benito Juarez"}, 
	{"id": 15, "country_id": 10, "state_id": 208, "county_id": 1, "zip_code": 2550, "name": "Berazategui"}, 
	{"id": 16, "country_id": 10, "state_id": 208, "county_id": 1, "zip_code": 2550, "name": "Berisso"}, 
	{"id": 17, "country_id": 10, "state_id": 208, "county_id": 1, "zip_code": 2550, "name": "Bolivar"}, 
	{"id": 18, "country_id": 10, "state_id": 208, "county_id": 1, "zip_code": 2550, "name": "Bragado"}, 
	{"id": 19, "country_id": 10, "state_id": 208, "county_id": 1, "zip_code": 2550, "name": "Caðuelas"}, 
	{"id": 20, "country_id": 10, "state_id": 208, "county_id": 1, "zip_code": 2550, "name": "Campana"}, 
	{"id": 21, "country_id": 10, "state_id": 208, "county_id": 1, "zip_code": 2550, "name": "Capitan Sarmiento"}, 
	{"id": 22, "country_id": 10, "state_id": 208, "county_id": 1, "zip_code": 2550, "name": "Carlos Casares"}, 
	{"id": 23, "country_id": 10, "state_id": 208, "county_id": 1, "zip_code": 2550, "name": "Carlos Tejedor"}, 
	{"id": 24, "country_id": 10, "state_id": 208, "county_id": 1, "zip_code": 2550, "name": "Carmen de Areco"}, 
	{"id": 25, "country_id": 10, "state_id": 208, "county_id": 1, "zip_code": 2550, "name": "Castelli"}, 
	{"id": 26, "country_id": 10, "state_id": 208, "county_id": 1, "zip_code": 2550, "name": "Chacabuco"}, 
	{"id": 27, "country_id": 10, "state_id": 208, "county_id": 1, "zip_code": 2550, "name": "Chascomus"}, 
	{"id": 28, "country_id": 10, "state_id": 208, "county_id": 1, "zip_code": 2550, "name": "Chivilcoy"}, 
	{"id": 29, "country_id": 10, "state_id": 208, "county_id": 1, "zip_code": 2550, "name": "Colon"}, 
	{"id": 30, "country_id": 10, "state_id": 208, "county_id": 1, "zip_code": 2550, "name": "Coronel Brandsen"}, 
	{"id": 31, "country_id": 10, "state_id": 208, "county_id": 1, "zip_code": 2550, "name": "Coronel Dorrego"}, 
	{"id": 32, "country_id": 10, "state_id": 208, "county_id": 1, "zip_code": 2550, "name": "Coronel Pringles"}, 
	{"id": 33, "country_id": 10, "state_id": 208, "county_id": 1, "zip_code": 2550, "name": "Coronel Rosales"}, 
	{"id": 34, "country_id": 10, "state_id": 208, "county_id": 1, "zip_code": 2550, "name": "Coronel Suarez"}, 
	{"id": 35, "country_id": 10, "state_id": 208, "county_id": 1, "zip_code": 2550, "name": "Daireaux"}, 
	{"id": 36, "country_id": 10, "state_id": 208, "county_id": 1, "zip_code": 2550, "name": "De la Costa"}, 
	{"id": 37, "country_id": 10, "state_id": 208, "county_id": 1, "zip_code": 2550, "name": "Dolores"}, 
	{"id": 38, "country_id": 10, "state_id": 208, "county_id": 1, "zip_code": 2550, "name": "Ensenada"}, 
	{"id": 39, "country_id": 10, "state_id": 208, "county_id": 1, "zip_code": 2550, "name": "Escobar"}, 
	{"id": 40, "country_id": 10, "state_id": 208, "county_id": 1, "zip_code": 2550, "name": "Esteban Echeverria"}, 
	{"id": 41, "country_id": 10, "state_id": 208, "county_id": 1, "zip_code": 2550, "name": "Exaltacion de la Cruz"}, 
	{"id": 42, "country_id": 10, "state_id": 208, "county_id": 1, "zip_code": 2550, "name": "Ezeiza"}, 
	{"id": 43, "country_id": 10, "state_id": 208, "county_id": 1, "zip_code": 2550, "name": "Florencio Varela"}, 
	{"id": 44, "country_id": 10, "state_id": 208, "county_id": 1, "zip_code": 2550, "name": "Florentino Ameghino"}, 
	{"id": 45, "country_id": 10, "state_id": 208, "county_id": 1, "zip_code": 2550, "name": "General Alvarado"}, 
	{"id": 46, "country_id": 10, "state_id": 208, "county_id": 1, "zip_code": 2550, "name": "General Alvear"}, 
	{"id": 47, "country_id": 10, "state_id": 208, "county_id": 1, "zip_code": 2550, "name": "General Arenales"}, 
	{"id": 48, "country_id": 10, "state_id": 208, "county_id": 1, "zip_code": 2550, "name": "General Belgrano"}, 
	{"id": 49, "country_id": 10, "state_id": 208, "county_id": 1, "zip_code": 2550, "name": "General Guido"}, 
	{"id": 50, "country_id": 10, "state_id": 208, "county_id": 1, "zip_code": 2550, "name": "General lamadrid"}, 
	{"id": 51, "country_id": 10, "state_id": 208, "county_id": 1, "zip_code": 2550, "name": "General las Heras"}, 
	{"id": 52, "country_id": 10, "state_id": 208, "county_id": 1, "zip_code": 2550, "name": "General lavalle"}, 
	{"id": 53, "country_id": 10, "state_id": 208, "county_id": 1, "zip_code": 2550, "name": "General Madariaga"}, 
	{"id": 54, "country_id": 10, "state_id": 208, "county_id": 1, "zip_code": 2550, "name": "General Paz"}, 
	{"id": 55, "country_id": 10, "state_id": 208, "county_id": 1, "zip_code": 2550, "name": "General Pinto"}, 
	{"id": 56, "country_id": 10, "state_id": 208, "county_id": 1, "zip_code": 2550, "name": "General Pueyrredon"}, 
	{"id": 57, "country_id": 10, "state_id": 208, "county_id": 1, "zip_code": 2550, "name": "General Rodriguez"}, 
	{"id": 58, "country_id": 10, "state_id": 208, "county_id": 1, "zip_code": 2550, "name": "General San Martin"}, 
	{"id": 59, "country_id": 10, "state_id": 208, "county_id": 1, "zip_code": 2550, "name": "General Viamonte"}, 
	{"id": 60, "country_id": 10, "state_id": 208, "county_id": 1, "zip_code": 2550, "name": "General Villegas"}, 
	{"id": 61, "country_id": 10, "state_id": 208, "county_id": 1, "zip_code": 2550, "name": "Guamini"}, 
	{"id": 62, "country_id": 10, "state_id": 208, "county_id": 1, "zip_code": 2550, "name": "Hipolito Yrigoyen"}, 
	{"id": 63, "country_id": 10, "state_id": 208, "county_id": 1, "zip_code": 2550, "name": "Hurlingham"}, 
	{"id": 64, "country_id": 10, "state_id": 208, "county_id": 1, "zip_code": 2550, "name": "Ituzaingo"}, 
	{"id": 65, "country_id": 10, "state_id": 208, "county_id": 1, "zip_code": 2550, "name": "Jose Clemente Paz"}, 
	{"id": 66, "country_id": 10, "state_id": 208, "county_id": 1, "zip_code": 2550, "name": "Junin"}, 
	{"id": 67, "country_id": 10, "state_id": 208, "county_id": 1, "zip_code": 2550, "name": "La Matanza"}, 
	{"id": 68, "country_id": 10, "state_id": 208, "county_id": 1, "zip_code": 2550, "name": "La Plata"}, 
	{"id": 69, "country_id": 10, "state_id": 208, "county_id": 1, "zip_code": 2550, "name": "Lanus"}, 
	{"id": 70, "country_id": 10, "state_id": 208, "county_id": 1, "zip_code": 2550, "name": "Laprida"}, 
	{"id": 71, "country_id": 10, "state_id": 208, "county_id": 1, "zip_code": 2550, "name": "Las Flores"}, 
	{"id": 72, "country_id": 10, "state_id": 208, "county_id": 1, "zip_code": 2550, "name": "Leandro N Alem"}, 
	{"id": 73, "country_id": 10, "state_id": 208, "county_id": 1, "zip_code": 2550, "name": "Lincoln"}, 
	{"id": 74, "country_id": 10, "state_id": 208, "county_id": 1, "zip_code": 2550, "name": "Loberia"}, 
	{"id": 75, "country_id": 10, "state_id": 208, "county_id": 1, "zip_code": 2550, "name": "Lobos"}, 
	{"id": 76, "country_id": 10, "state_id": 208, "county_id": 1, "zip_code": 2550, "name": "Lomas de Zamora"}, 
	{"id": 77, "country_id": 10, "state_id": 208, "county_id": 1, "zip_code": 2550, "name": "Lujan"}, 
	{"id": 78, "country_id": 10, "state_id": 208, "county_id": 1, "zip_code": 2550, "name": "Magdalena"}, 
	{"id": 79, "country_id": 10, "state_id": 208, "county_id": 1, "zip_code": 2550, "name": "Maipu"}, 
	{"id": 80, "country_id": 10, "state_id": 208, "county_id": 1, "zip_code": 2550, "name": "Malvinas Argentinas"}, 
	{"id": 81, "country_id": 10, "state_id": 208, "county_id": 1, "zip_code": 2550, "name": "Mar Chiquita"}, 
	{"id": 82, "country_id": 10, "state_id": 208, "county_id": 1, "zip_code": 2550, "name": "Marcos Paz"}, 
	{"id": 83, "country_id": 10, "state_id": 208, "county_id": 1, "zip_code": 2550, "name": "Mercedes"}, 
	{"id": 84, "country_id": 10, "state_id": 208, "county_id": 1, "zip_code": 2550, "name": "Merlo"}, 
	{"id": 85, "country_id": 10, "state_id": 208, "county_id": 1, "zip_code": 2550, "name": "Monte"}, 
	{"id": 86, "country_id": 10, "state_id": 208, "county_id": 1, "zip_code": 2550, "name": "Monte Hermoso"}, 
	{"id": 87, "country_id": 10, "state_id": 208, "county_id": 1, "zip_code": 2550, "name": "Moreno"}, 
	{"id": 88, "country_id": 10, "state_id": 208, "county_id": 1, "zip_code": 2550, "name": "Moron"}, 
	{"id": 89, "country_id": 10, "state_id": 208, "county_id": 1, "zip_code": 2550, "name": "Navarro"}, 
	{"id": 90, "country_id": 10, "state_id": 208, "county_id": 1, "zip_code": 2550, "name": "Necochea"}, 
	{"id": 91, "country_id": 10, "state_id": 208, "county_id": 1, "zip_code": 2550, "name": "Olavarria"}, 
	{"id": 92, "country_id": 10, "state_id": 208, "county_id": 1, "zip_code": 2550, "name": "Patagones"}, 
	{"id": 93, "country_id": 10, "state_id": 208, "county_id": 1, "zip_code": 2550, "name": "Pehuajo"}, 
	{"id": 94, "country_id": 10, "state_id": 208, "county_id": 1, "zip_code": 2550, "name": "Pellegrini"}, 
	{"id": 95, "country_id": 10, "state_id": 208, "county_id": 1, "zip_code": 2550, "name": "Pergamino"}, 
	{"id": 96, "country_id": 10, "state_id": 208, "county_id": 1, "zip_code": 2550, "name": "Pila"}, 
	{"id": 97, "country_id": 10, "state_id": 208, "county_id": 1, "zip_code": 2550, "name": "Pilar"}, 
	{"id": 98, "country_id": 10, "state_id": 208, "county_id": 1, "zip_code": 2550, "name": "Pinamar"}, 
	{"id": 99, "country_id": 10, "state_id": 208, "county_id": 1, "zip_code": 2550, "name": "Presidente Peron"}, 
	{"id": 100, "country_id": 10, "state_id": 208, "county_id": 1, "zip_code": 2550, "name": "Puan"}, 
	{"id": 101, "country_id": 10, "state_id": 208, "county_id": 1, "zip_code": 2550, "name": "Punta Indio"}, 
	{"id": 102, "country_id": 10, "state_id": 208, "county_id": 1, "zip_code": 2550, "name": "Quilmes"}, 
	{"id": 103, "country_id": 10, "state_id": 208, "county_id": 1, "zip_code": 2550, "name": "Ramallo"}, 
	{"id": 104, "country_id": 10, "state_id": 208, "county_id": 1, "zip_code": 2550, "name": "Rauch"}, 
	{"id": 105, "country_id": 10, "state_id": 208, "county_id": 1, "zip_code": 2550, "name": "Rivadavia"}, 
	{"id": 106, "country_id": 10, "state_id": 208, "county_id": 1, "zip_code": 2550, "name": "Rojas"}, 
	{"id": 107, "country_id": 10, "state_id": 208, "county_id": 1, "zip_code": 2550, "name": "Roque Perez"}, 
	{"id": 108, "country_id": 10, "state_id": 208, "county_id": 1, "zip_code": 2550, "name": "Saavedra"}, 
	{"id": 109, "country_id": 10, "state_id": 208, "county_id": 1, "zip_code": 2550, "name": "Saladillo"}, 
	{"id": 110, "country_id": 10, "state_id": 208, "county_id": 1, "zip_code": 2550, "name": "Salliquelo"}, 
	{"id": 111, "country_id": 10, "state_id": 208, "county_id": 1, "zip_code": 2550, "name": "Salto"}, 
	{"id": 112, "country_id": 10, "state_id": 208, "county_id": 1, "zip_code": 2550, "name": "San Andres de Giles"}, 
	{"id": 113, "country_id": 10, "state_id": 208, "county_id": 1, "zip_code": 2550, "name": "San Antonio de Areco"}, 
	{"id": 114, "country_id": 10, "state_id": 208, "county_id": 1, "zip_code": 2550, "name": "San Cayetano"}, 
	{"id": 115, "country_id": 10, "state_id": 208, "county_id": 1, "zip_code": 2550, "name": "San Fernando"}, 
	{"id": 116, "country_id": 10, "state_id": 208, "county_id": 1, "zip_code": 2550, "name": "San Isidro"}, 
	{"id": 117, "country_id": 10, "state_id": 208, "county_id": 1, "zip_code": 2550, "name": "San Miguel"}, 
	{"id": 118, "country_id": 10, "state_id": 208, "county_id": 1, "zip_code": 2550, "name": "San Nicolas"}, 
	{"id": 119, "country_id": 10, "state_id": 208, "county_id": 1, "zip_code": 2550, "name": "San Pedro"}, 
	{"id": 120, "country_id": 10, "state_id": 208, "county_id": 1, "zip_code": 2550, "name": "San Vicente"}, 
	{"id": 121, "country_id": 10, "state_id": 208, "county_id": 1, "zip_code": 2550, "name": "Suipacha"}, 
	{"id": 122, "country_id": 10, "state_id": 208, "county_id": 1, "zip_code": 2550, "name": "Tandil"}, 
	{"id": 123, "country_id": 10, "state_id": 208, "county_id": 1, "zip_code": 2550, "name": "Tapalque"}, 
	{"id": 124, "country_id": 10, "state_id": 208, "county_id": 1, "zip_code": 2550, "name": "Tigre"}, 
	{"id": 125, "country_id": 10, "state_id": 208, "county_id": 1, "zip_code": 2550, "name": "Tordillo"}, 
	{"id": 126, "country_id": 10, "state_id": 208, "county_id": 1, "zip_code": 2550, "name": "Tornquist"}, 
	{"id": 127, "country_id": 10, "state_id": 208, "county_id": 1, "zip_code": 2550, "name": "Trenque lauquen"}, 
	{"id": 128, "country_id": 10, "state_id": 208, "county_id": 1, "zip_code": 2550, "name": "Tres Arroyos"}, 
	{"id": 129, "country_id": 10, "state_id": 208, "county_id": 1, "zip_code": 2550, "name": "Tres de Febrero"}, 
	{"id": 130, "country_id": 10, "state_id": 208, "county_id": 1, "zip_code": 2550, "name": "Tres Lomas"}, 
	{"id": 131, "country_id": 10, "state_id": 208, "county_id": 1, "zip_code": 2550, "name": "Vicente Lopez"}, 
	{"id": 132, "country_id": 10, "state_id": 208, "county_id": 1, "zip_code": 2550, "name": "Villa Gesell"}, 
	{"id": 133, "country_id": 10, "state_id": 208, "county_id": 1, "zip_code": 2550, "name": "Villarino"}, 
	{"id": 134, "country_id": 10, "state_id": 208, "county_id": 1, "zip_code": 2550, "name": "Zarate"}, 
	{"id": 135, "country_id": 10, "state_id": 209, "county_id": 1, "zip_code": 2550, "name": "Capital Federal"}, 
	{"id": 136, "country_id": 10, "state_id": 210, "county_id": 1, "zip_code": 2550, "name": "Ambato"}, 
	{"id": 137, "country_id": 10, "state_id": 210, "county_id": 1, "zip_code": 2550, "name": "Ancasti"}, 
	{"id": 138, "country_id": 10, "state_id": 210, "county_id": 1, "zip_code": 2550, "name": "Andalgala"}, 
	{"id": 139, "country_id": 10, "state_id": 210, "county_id": 1, "zip_code": 2550, "name": "Antofagasta de la Sierra"}, 
	{"id": 140, "country_id": 10, "state_id": 210, "county_id": 1, "zip_code": 2550, "name": "Belen"}, 
	{"id": 141, "country_id": 10, "state_id": 210, "county_id": 1, "zip_code": 2550, "name": "Capayan"}, 
	{"id": 142, "country_id": 10, "state_id": 210, "county_id": 1, "zip_code": 2550, "name": "Capital"}, 
	{"id": 143, "country_id": 10, "state_id": 210, "county_id": 1, "zip_code": 2550, "name": "El Alto"}, 
	{"id": 144, "country_id": 10, "state_id": 210, "county_id": 1, "zip_code": 2550, "name": "Fray Mamerto Esquiu"}, 
	{"id": 145, "country_id": 10, "state_id": 210, "county_id": 1, "zip_code": 2550, "name": "La Paz"}, 
	{"id": 146, "country_id": 10, "state_id": 210, "county_id": 1, "zip_code": 2550, "name": "Paclin"}, 
	{"id": 147, "country_id": 10, "state_id": 210, "county_id": 1, "zip_code": 2550, "name": "Poman"}, 
	{"id": 148, "country_id": 10, "state_id": 210, "county_id": 1, "zip_code": 2550, "name": "Santa Maria"}, 
	{"id": 149, "country_id": 10, "state_id": 210, "county_id": 1, "zip_code": 2550, "name": "Santa Rosa"}, 
	{"id": 150, "country_id": 10, "state_id": 210, "county_id": 1, "zip_code": 2550, "name": "Tinogasta"}, 
	{"id": 151, "country_id": 10, "state_id": 210, "county_id": 1, "zip_code": 2550, "name": "Valle Viejo"}, 
	{"id": 152, "country_id": 10, "state_id": 211, "county_id": 1, "zip_code": 2550, "name": "1 de Mayo"}, 
	{"id": 153, "country_id": 10, "state_id": 211, "county_id": 1, "zip_code": 2550, "name": "12 de Octubre"}, 
	{"id": 154, "country_id": 10, "state_id": 211, "county_id": 1, "zip_code": 2550, "name": "25 de Mayo"}, 
	{"id": 155, "country_id": 10, "state_id": 211, "county_id": 1, "zip_code": 2550, "name": "9 de Julio"}, 
	{"id": 156, "country_id": 10, "state_id": 211, "county_id": 1, "zip_code": 2550, "name": "Almirante Brown"}, 
	{"id": 157, "country_id": 10, "state_id": 211, "county_id": 1, "zip_code": 2550, "name": "Bermejo"}, 
	{"id": 158, "country_id": 10, "state_id": 211, "county_id": 1, "zip_code": 2550, "name": "Chacabuco"}, 
	{"id": 159, "country_id": 10, "state_id": 211, "county_id": 1, "zip_code": 2550, "name": "Comandante Fernandez"}, 
	{"id": 160, "country_id": 10, "state_id": 211, "county_id": 1, "zip_code": 2550, "name": "Fray Justo Santa Maria de Oro"}, 
	{"id": 161, "country_id": 10, "state_id": 211, "county_id": 1, "zip_code": 2550, "name": "General Belgrano"}, 
	{"id": 162, "country_id": 10, "state_id": 211, "county_id": 1, "zip_code": 2550, "name": "General Donovan"}, 
	{"id": 163, "country_id": 10, "state_id": 211, "county_id": 1, "zip_code": 2550, "name": "General Guemes"}, 
	{"id": 164, "country_id": 10, "state_id": 211, "county_id": 1, "zip_code": 2550, "name": "Independencia"}, 
	{"id": 165, "country_id": 10, "state_id": 211, "county_id": 1, "zip_code": 2550, "name": "Libertad"}, 
	{"id": 166, "country_id": 10, "state_id": 211, "county_id": 1, "zip_code": 2550, "name": "Libertador Gral San Martin"}, 
	{"id": 167, "country_id": 10, "state_id": 211, "county_id": 1, "zip_code": 2550, "name": "Maipu"}, 
	{"id": 168, "country_id": 10, "state_id": 211, "county_id": 1, "zip_code": 2550, "name": "Mayor Luis J Fontana"}, 
	{"id": 169, "country_id": 10, "state_id": 211, "county_id": 1, "zip_code": 2550, "name": "O Higgins"}, 
	{"id": 170, "country_id": 10, "state_id": 211, "county_id": 1, "zip_code": 2550, "name": "Presidente de la Plaza"}, 
	{"id": 171, "country_id": 10, "state_id": 211, "county_id": 1, "zip_code": 2550, "name": "Quitilipi"}, 
	{"id": 172, "country_id": 10, "state_id": 211, "county_id": 1, "zip_code": 2550, "name": "San Fernando"}, 
	{"id": 173, "country_id": 10, "state_id": 211, "county_id": 1, "zip_code": 2550, "name": "San Lorenzo"}, 
	{"id": 174, "country_id": 10, "state_id": 211, "county_id": 1, "zip_code": 2550, "name": "Sargento Cabral"}, 
	{"id": 175, "country_id": 10, "state_id": 211, "county_id": 1, "zip_code": 2550, "name": "Tapenaga"}, 
	{"id": 176, "country_id": 10, "state_id": 212, "county_id": 1, "zip_code": 2550, "name": "Biedma"}, 
	{"id": 177, "country_id": 10, "state_id": 212, "county_id": 1, "zip_code": 2550, "name": "Cushamen"}, 
	{"id": 178, "country_id": 10, "state_id": 212, "county_id": 1, "zip_code": 2550, "name": "Escalante"}, 
	{"id": 179, "country_id": 10, "state_id": 212, "county_id": 1, "zip_code": 2550, "name": "Florentino Ameghino"}, 
	{"id": 180, "country_id": 10, "state_id": 212, "county_id": 1, "zip_code": 2550, "name": "Futaleufu"}, 
	{"id": 181, "country_id": 10, "state_id": 212, "county_id": 1, "zip_code": 2550, "name": "Gaiman"}, 
	{"id": 182, "country_id": 10, "state_id": 212, "county_id": 1, "zip_code": 2550, "name": "Gastre"}, 
	{"id": 183, "country_id": 10, "state_id": 212, "county_id": 1, "zip_code": 2550, "name": "Languiðeo"}, 
	{"id": 184, "country_id": 10, "state_id": 212, "county_id": 1, "zip_code": 2550, "name": "Martires"}, 
	{"id": 185, "country_id": 10, "state_id": 212, "county_id": 1, "zip_code": 2550, "name": "Paso de Indios"}, 
	{"id": 186, "country_id": 10, "state_id": 212, "county_id": 1, "zip_code": 2550, "name": "Rawson"}, 
	{"id": 187, "country_id": 10, "state_id": 212, "county_id": 1, "zip_code": 2550, "name": "Rio Senguer"}, 
	{"id": 188, "country_id": 10, "state_id": 212, "county_id": 1, "zip_code": 2550, "name": "Sarmiento"}, 
	{"id": 189, "country_id": 10, "state_id": 212, "county_id": 1, "zip_code": 2550, "name": "Tehuelches"}, 
	{"id": 190, "country_id": 10, "state_id": 212, "county_id": 1, "zip_code": 2550, "name": "Telsen"}, 
	{"id": 191, "country_id": 10, "state_id": 213, "county_id": 1, "zip_code": 2550, "name": "Calamuchita"}, 
	{"id": 192, "country_id": 10, "state_id": 213, "county_id": 1, "zip_code": 2550, "name": "Capital"}, 
	{"id": 193, "country_id": 10, "state_id": 213, "county_id": 1, "zip_code": 2550, "name": "Colon"}, 
	{"id": 194, "country_id": 10, "state_id": 213, "county_id": 1, "zip_code": 2550, "name": "Cruz del Eje"}, 
	{"id": 195, "country_id": 10, "state_id": 213, "county_id": 1, "zip_code": 2550, "name": "General Roca"}, 
	{"id": 196, "country_id": 10, "state_id": 213, "county_id": 1, "zip_code": 2550, "name": "General San Martin"}, 
	{"id": 197, "country_id": 10, "state_id": 213, "county_id": 1, "zip_code": 2550, "name": "Ischilin"}, 
	{"id": 198, "country_id": 10, "state_id": 213, "county_id": 1, "zip_code": 2550, "name": "Juarez Celman"}, 
	{"id": 199, "country_id": 10, "state_id": 213, "county_id": 1, "zip_code": 2550, "name": "Marcos Juarez"}, 
	{"id": 200, "country_id": 10, "state_id": 213, "county_id": 1, "zip_code": 2550, "name": "Minas"}, 
	{"id": 201, "country_id": 10, "state_id": 213, "county_id": 1, "zip_code": 2550, "name": "Pocho"}, 
	{"id": 202, "country_id": 10, "state_id": 213, "county_id": 1, "zip_code": 2550, "name": "Presidente Roque Saenz Peða"}, 
	{"id": 203, "country_id": 10, "state_id": 213, "county_id": 1, "zip_code": 2550, "name": "Punilla"}, 
	{"id": 204, "country_id": 10, "state_id": 213, "county_id": 1, "zip_code": 2550, "name": "Rio Cuarto"}, 
	{"id": 205, "country_id": 10, "state_id": 213, "county_id": 1, "zip_code": 2550, "name": "Rio Primero"}, 
	{"id": 206, "country_id": 10, "state_id": 213, "county_id": 1, "zip_code": 2550, "name": "Rio Seco"}, 
	{"id": 207, "country_id": 10, "state_id": 213, "county_id": 1, "zip_code": 2550, "name": "Rio Segundo"}, 
	{"id": 208, "country_id": 10, "state_id": 213, "county_id": 1, "zip_code": 2550, "name": "San Alberto"}, 
	{"id": 209, "country_id": 10, "state_id": 213, "county_id": 1, "zip_code": 2550, "name": "San Javier"}, 
	{"id": 210, "country_id": 10, "state_id": 213, "county_id": 1, "zip_code": 2550, "name": "San Justo"}, 
	{"id": 211, "country_id": 10, "state_id": 213, "county_id": 1, "zip_code": 2550, "name": "Santa Maria"}, 
	{"id": 212, "country_id": 10, "state_id": 213, "county_id": 1, "zip_code": 2550, "name": "Sobremonte"}, 
	{"id": 213, "country_id": 10, "state_id": 213, "county_id": 1, "zip_code": 2550, "name": "Tercero Arriba"}, 
	{"id": 214, "country_id": 10, "state_id": 213, "county_id": 1, "zip_code": 2550, "name": "Totoral"}, 
	{"id": 215, "country_id": 10, "state_id": 213, "county_id": 1, "zip_code": 2550, "name": "Tulumba"}, 
	{"id": 216, "country_id": 10, "state_id": 213, "county_id": 1, "zip_code": 2550, "name": "Unión"}, 
	{"id": 217, "country_id": 10, "state_id": 214, "county_id": 1, "zip_code": 2550, "name": "Bella Vista"}, 
	{"id": 218, "country_id": 10, "state_id": 214, "county_id": 1, "zip_code": 2550, "name": "Beron de Astrada"}, 
	{"id": 219, "country_id": 10, "state_id": 214, "county_id": 1, "zip_code": 2550, "name": "Capital"}, 
	{"id": 220, "country_id": 10, "state_id": 214, "county_id": 1, "zip_code": 2550, "name": "Concepcion"}, 
	{"id": 221, "country_id": 10, "state_id": 214, "county_id": 1, "zip_code": 2550, "name": "Curuzu Cuatia"}, 
	{"id": 222, "country_id": 10, "state_id": 214, "county_id": 1, "zip_code": 2550, "name": "Empedrado"}, 
	{"id": 223, "country_id": 10, "state_id": 214, "county_id": 1, "zip_code": 2550, "name": "Esquina"}, 
	{"id": 224, "country_id": 10, "state_id": 214, "county_id": 1, "zip_code": 2550, "name": "General Alvear"}, 
	{"id": 225, "country_id": 10, "state_id": 214, "county_id": 1, "zip_code": 2550, "name": "General Paz"}, 
	{"id": 226, "country_id": 10, "state_id": 214, "county_id": 1, "zip_code": 2550, "name": "Goya"}, 
	{"id": 227, "country_id": 10, "state_id": 214, "county_id": 1, "zip_code": 2550, "name": "Itati"}, 
	{"id": 228, "country_id": 10, "state_id": 214, "county_id": 1, "zip_code": 2550, "name": "Ituzaingo"}, 
	{"id": 229, "country_id": 10, "state_id": 214, "county_id": 1, "zip_code": 2550, "name": "Lavalle"}, 
	{"id": 230, "country_id": 10, "state_id": 214, "county_id": 1, "zip_code": 2550, "name": "Mburucuya"}, 
	{"id": 231, "country_id": 10, "state_id": 214, "county_id": 1, "zip_code": 2550, "name": "Mercedes"}, 
	{"id": 232, "country_id": 10, "state_id": 214, "county_id": 1, "zip_code": 2550, "name": "Monte Caseros"}, 
	{"id": 233, "country_id": 10, "state_id": 214, "county_id": 1, "zip_code": 2550, "name": "Paso de los Libres"}, 
	{"id": 234, "country_id": 10, "state_id": 214, "county_id": 1, "zip_code": 2550, "name": "Saladas"}, 
	{"id": 235, "country_id": 10, "state_id": 214, "county_id": 1, "zip_code": 2550, "name": "San Cosme"}, 
	{"id": 236, "country_id": 10, "state_id": 214, "county_id": 1, "zip_code": 2550, "name": "San Luis del Palmar"}, 
	{"id": 237, "country_id": 10, "state_id": 214, "county_id": 1, "zip_code": 2550, "name": "San Martin"}, 
	{"id": 238, "country_id": 10, "state_id": 214, "county_id": 1, "zip_code": 2550, "name": "San Miguel"}, 
	{"id": 239, "country_id": 10, "state_id": 214, "county_id": 1, "zip_code": 2550, "name": "San Roque"}, 
	{"id": 240, "country_id": 10, "state_id": 214, "county_id": 1, "zip_code": 2550, "name": "Santo Tome"}, 
	{"id": 241, "country_id": 10, "state_id": 214, "county_id": 1, "zip_code": 2550, "name": "Sauce"}, 
	{"id": 242, "country_id": 10, "state_id": 215, "county_id": 1, "zip_code": 2550, "name": "Colon"}, 
	{"id": 243, "country_id": 10, "state_id": 215, "county_id": 1, "zip_code": 2550, "name": "Concordia"}, 
	{"id": 244, "country_id": 10, "state_id": 215, "county_id": 1, "zip_code": 2550, "name": "Diamante"}, 
	{"id": 245, "country_id": 10, "state_id": 215, "county_id": 1, "zip_code": 2550, "name": "Federacion"}, 
	{"id": 246, "country_id": 10, "state_id": 215, "county_id": 1, "zip_code": 2550, "name": "Federal"}, 
	{"id": 247, "country_id": 10, "state_id": 215, "county_id": 1, "zip_code": 2550, "name": "Feliciano"}, 
	{"id": 248, "country_id": 10, "state_id": 215, "county_id": 1, "zip_code": 2550, "name": "Gualeguay"}, 
	{"id": 249, "country_id": 10, "state_id": 215, "county_id": 1, "zip_code": 2550, "name": "Gualeguaychu"}, 
	{"id": 250, "country_id": 10, "state_id": 215, "county_id": 1, "zip_code": 2550, "name": "Islas del Ibicuy"}, 
	{"id": 251, "country_id": 10, "state_id": 215, "county_id": 1, "zip_code": 2550, "name": "La Paz"}, 
	{"id": 252, "country_id": 10, "state_id": 215, "county_id": 1, "zip_code": 2550, "name": "Nogoya"}, 
	{"id": 253, "country_id": 10, "state_id": 215, "county_id": 1, "zip_code": 2550, "name": "Parana"}, 
	{"id": 254, "country_id": 10, "state_id": 215, "county_id": 1, "zip_code": 2550, "name": "Tala"}, 
	{"id": 255, "country_id": 10, "state_id": 215, "county_id": 1, "zip_code": 2550, "name": "Uruguay"}, 
	{"id": 256, "country_id": 10, "state_id": 215, "county_id": 1, "zip_code": 2550, "name": "Victoria"}, 
	{"id": 257, "country_id": 10, "state_id": 215, "county_id": 1, "zip_code": 2550, "name": "Villaguay"}, 
	{"id": 258, "country_id": 10, "state_id": 216, "county_id": 1, "zip_code": 2550, "name": "Bermejo"}, 
	{"id": 259, "country_id": 10, "state_id": 216, "county_id": 1, "zip_code": 2550, "name": "Formosa"}, 
	{"id": 260, "country_id": 10, "state_id": 216, "county_id": 1, "zip_code": 2550, "name": "Laishi"}, 
	{"id": 261, "country_id": 10, "state_id": 216, "county_id": 1, "zip_code": 2550, "name": "Matacos"}, 
	{"id": 262, "country_id": 10, "state_id": 216, "county_id": 1, "zip_code": 2550, "name": "Patiðo"}, 
	{"id": 263, "country_id": 10, "state_id": 216, "county_id": 1, "zip_code": 2550, "name": "Pilagas"}, 
	{"id": 264, "country_id": 10, "state_id": 216, "county_id": 1, "zip_code": 2550, "name": "Pilcomayo"}, 
	{"id": 265, "country_id": 10, "state_id": 216, "county_id": 1, "zip_code": 2550, "name": "Pirane"}, 
	{"id": 266, "country_id": 10, "state_id": 216, "county_id": 1, "zip_code": 2550, "name": "Ramon Lista"}, 
	{"id": 267, "country_id": 10, "state_id": 217, "county_id": 1, "zip_code": 2550, "name": "Cochinoca"}, 
	{"id": 268, "country_id": 10, "state_id": 217, "county_id": 1, "zip_code": 2550, "name": "Dr Manuel Belgrano"}, 
	{"id": 269, "country_id": 10, "state_id": 217, "county_id": 1, "zip_code": 2550, "name": "El Carmen"}, 
	{"id": 270, "country_id": 10, "state_id": 217, "county_id": 1, "zip_code": 2550, "name": "Humahuaca"}, 
	{"id": 271, "country_id": 10, "state_id": 217, "county_id": 1, "zip_code": 2550, "name": "Ledesma"}, 
	{"id": 272, "country_id": 10, "state_id": 217, "county_id": 1, "zip_code": 2550, "name": "Palpala"}, 
	{"id": 273, "country_id": 10, "state_id": 217, "county_id": 1, "zip_code": 2550, "name": "Rinconada"}, 
	{"id": 274, "country_id": 10, "state_id": 217, "county_id": 1, "zip_code": 2550, "name": "San Antonio"}, 
	{"id": 275, "country_id": 10, "state_id": 217, "county_id": 1, "zip_code": 2550, "name": "San Pedro"}, 
	{"id": 276, "country_id": 10, "state_id": 217, "county_id": 1, "zip_code": 2550, "name": "Santa Barbara"}, 
	{"id": 277, "country_id": 10, "state_id": 217, "county_id": 1, "zip_code": 2550, "name": "Santa Catalina"}, 
	{"id": 278, "country_id": 10, "state_id": 217, "county_id": 1, "zip_code": 2550, "name": "Susques"}, 
	{"id": 279, "country_id": 10, "state_id": 217, "county_id": 1, "zip_code": 2550, "name": "Tilcara"}, 
	{"id": 280, "country_id": 10, "state_id": 217, "county_id": 1, "zip_code": 2550, "name": "Tumbaya"}, 
	{"id": 281, "country_id": 10, "state_id": 217, "county_id": 1, "zip_code": 2550, "name": "Valle Grande"}, 
	{"id": 282, "country_id": 10, "state_id": 217, "county_id": 1, "zip_code": 2550, "name": "Yavi"}, 
	{"id": 283, "country_id": 10, "state_id": 218, "county_id": 1, "zip_code": 2550, "name": "Atreuco"}, 
	{"id": 284, "country_id": 10, "state_id": 218, "county_id": 1, "zip_code": 2550, "name": "Caleu Caleu"}, 
	{"id": 285, "country_id": 10, "state_id": 218, "county_id": 1, "zip_code": 2550, "name": "Capital"}, 
	{"id": 286, "country_id": 10, "state_id": 218, "county_id": 1, "zip_code": 2550, "name": "Catrilo"}, 
	{"id": 287, "country_id": 10, "state_id": 218, "county_id": 1, "zip_code": 2550, "name": "Chalileo"}, 
	{"id": 288, "country_id": 10, "state_id": 218, "county_id": 1, "zip_code": 2550, "name": "Chapaleufu"}, 
	{"id": 289, "country_id": 10, "state_id": 218, "county_id": 1, "zip_code": 2550, "name": "Chical Co"}, 
	{"id": 290, "country_id": 10, "state_id": 218, "county_id": 1, "zip_code": 2550, "name": "Conhelo"}, 
	{"id": 291, "country_id": 10, "state_id": 218, "county_id": 1, "zip_code": 2550, "name": "Curaco"}, 
	{"id": 292, "country_id": 10, "state_id": 218, "county_id": 1, "zip_code": 2550, "name": "Guatrache"}, 
	{"id": 293, "country_id": 10, "state_id": 218, "county_id": 1, "zip_code": 2550, "name": "Hucal"}, 
	{"id": 294, "country_id": 10, "state_id": 218, "county_id": 1, "zip_code": 2550, "name": "Lihuel Calel"}, 
	{"id": 295, "country_id": 10, "state_id": 218, "county_id": 1, "zip_code": 2550, "name": "Limay Mahuida"}, 
	{"id": 296, "country_id": 10, "state_id": 218, "county_id": 1, "zip_code": 2550, "name": "Loventue"}, 
	{"id": 297, "country_id": 10, "state_id": 218, "county_id": 1, "zip_code": 2550, "name": "Maraco"}, 
	{"id": 298, "country_id": 10, "state_id": 218, "county_id": 1, "zip_code": 2550, "name": "Puelen"}, 
	{"id": 299, "country_id": 10, "state_id": 218, "county_id": 1, "zip_code": 2550, "name": "Quemu Quemu"}, 
	{"id": 300, "country_id": 10, "state_id": 218, "county_id": 1, "zip_code": 2550, "name": "Rancul"}, 
	{"id": 301, "country_id": 10, "state_id": 218, "county_id": 1, "zip_code": 2550, "name": "Realico"}, 
	{"id": 302, "country_id": 10, "state_id": 218, "county_id": 1, "zip_code": 2550, "name": "Toay"}, 
	{"id": 303, "country_id": 10, "state_id": 218, "county_id": 1, "zip_code": 2550, "name": "Trenel"}, 
	{"id": 304, "country_id": 10, "state_id": 218, "county_id": 1, "zip_code": 2550, "name": "Utracan"}, 
	{"id": 305, "country_id": 10, "state_id": 219, "county_id": 1, "zip_code": 2550, "name": "Arauco"}, 
	{"id": 306, "country_id": 10, "state_id": 219, "county_id": 1, "zip_code": 2550, "name": "Capital"}, 
	{"id": 307, "country_id": 10, "state_id": 219, "county_id": 1, "zip_code": 2550, "name": "Castro Barros"}, 
	{"id": 308, "country_id": 10, "state_id": 219, "county_id": 1, "zip_code": 2550, "name": "Chamical"}, 
	{"id": 309, "country_id": 10, "state_id": 219, "county_id": 1, "zip_code": 2550, "name": "Chilecito"}, 
	{"id": 310, "country_id": 10, "state_id": 219, "county_id": 1, "zip_code": 2550, "name": "Coronel Felipe Varela"}, 
	{"id": 311, "country_id": 10, "state_id": 219, "county_id": 1, "zip_code": 2550, "name": "Famatina"}, 
	{"id": 312, "country_id": 10, "state_id": 219, "county_id": 1, "zip_code": 2550, "name": "General Angel Vicente Peðaloza"}, 
	{"id": 313, "country_id": 10, "state_id": 219, "county_id": 1, "zip_code": 2550, "name": "General Belgrano"}, 
	{"id": 314, "country_id": 10, "state_id": 219, "county_id": 1, "zip_code": 2550, "name": "General Juan Facundo Quiroga"}, 
	{"id": 315, "country_id": 10, "state_id": 219, "county_id": 1, "zip_code": 2550, "name": "General lamadrid"}, 
	{"id": 316, "country_id": 10, "state_id": 219, "county_id": 1, "zip_code": 2550, "name": "General Ocampo"}, 
	{"id": 317, "country_id": 10, "state_id": 219, "county_id": 1, "zip_code": 2550, "name": "General San Martin"}, 
	{"id": 318, "country_id": 10, "state_id": 219, "county_id": 1, "zip_code": 2550, "name": "General Sarmiento"}, 
	{"id": 319, "country_id": 10, "state_id": 219, "county_id": 1, "zip_code": 2550, "name": "Gobernador Gordillo"}, 
	{"id": 320, "country_id": 10, "state_id": 219, "county_id": 1, "zip_code": 2550, "name": "Independencia"}, 
	{"id": 321, "country_id": 10, "state_id": 219, "county_id": 1, "zip_code": 2550, "name": "Rosario Vera Peðaloza"}, 
	{"id": 322, "country_id": 10, "state_id": 219, "county_id": 1, "zip_code": 2550, "name": "San Blas de los Sauces"}, 
	{"id": 323, "country_id": 10, "state_id": 219, "county_id": 1, "zip_code": 2550, "name": "Sanagasta"}, 
	{"id": 324, "country_id": 10, "state_id": 219, "county_id": 1, "zip_code": 2550, "name": "Vinchina"}, 
	{"id": 325, "country_id": 10, "state_id": 220, "county_id": 1, "zip_code": 2550, "name": "Capital"}, 
	{"id": 326, "country_id": 10, "state_id": 220, "county_id": 1, "zip_code": 2550, "name": "General Alvear"}, 
	{"id": 327, "country_id": 10, "state_id": 220, "county_id": 1, "zip_code": 2550, "name": "Godoy Cruz"}, 
	{"id": 328, "country_id": 10, "state_id": 220, "county_id": 1, "zip_code": 2550, "name": "Guaymallen"}, 
	{"id": 329, "country_id": 10, "state_id": 220, "county_id": 1, "zip_code": 2550, "name": "Junin"}, 
	{"id": 330, "country_id": 10, "state_id": 220, "county_id": 1, "zip_code": 2550, "name": "La Paz"}, 
	{"id": 331, "country_id": 10, "state_id": 220, "county_id": 1, "zip_code": 2550, "name": "Las Heras"}, 
	{"id": 332, "country_id": 10, "state_id": 220, "county_id": 1, "zip_code": 2550, "name": "Lavalle"}, 
	{"id": 333, "country_id": 10, "state_id": 220, "county_id": 1, "zip_code": 2550, "name": "Lujan de Cuyo"}, 
	{"id": 334, "country_id": 10, "state_id": 220, "county_id": 1, "zip_code": 2550, "name": "Maipu"}, 
	{"id": 335, "country_id": 10, "state_id": 220, "county_id": 1, "zip_code": 2550, "name": "Malargue"}, 
	{"id": 336, "country_id": 10, "state_id": 220, "county_id": 1, "zip_code": 2550, "name": "Rivadavia"}, 
	{"id": 337, "country_id": 10, "state_id": 220, "county_id": 1, "zip_code": 2550, "name": "San Carlos"}, 
	{"id": 338, "country_id": 10, "state_id": 220, "county_id": 1, "zip_code": 2550, "name": "San Martin"}, 
	{"id": 339, "country_id": 10, "state_id": 220, "county_id": 1, "zip_code": 2550, "name": "San Rafael"}, 
	{"id": 340, "country_id": 10, "state_id": 220, "county_id": 1, "zip_code": 2550, "name": "Santa Rosa"}, 
	{"id": 341, "country_id": 10, "state_id": 220, "county_id": 1, "zip_code": 2550, "name": "Tunuyan"}, 
	{"id": 342, "country_id": 10, "state_id": 220, "county_id": 1, "zip_code": 2550, "name": "Tupungato"}, 
	{"id": 343, "country_id": 10, "state_id": 221, "county_id": 1, "zip_code": 2550, "name": "25 de Mayo"}, 
	{"id": 344, "country_id": 10, "state_id": 221, "county_id": 1, "zip_code": 2550, "name": "Apostoles"}, 
	{"id": 345, "country_id": 10, "state_id": 221, "county_id": 1, "zip_code": 2550, "name": "Cainguas"}, 
	{"id": 346, "country_id": 10, "state_id": 221, "county_id": 1, "zip_code": 2550, "name": "Candelaria"}, 
	{"id": 347, "country_id": 10, "state_id": 221, "county_id": 1, "zip_code": 2550, "name": "Capital"}, 
	{"id": 348, "country_id": 10, "state_id": 221, "county_id": 1, "zip_code": 2550, "name": "Concepcion"}, 
	{"id": 349, "country_id": 10, "state_id": 221, "county_id": 1, "zip_code": 2550, "name": "El Dorado"}, 
	{"id": 350, "country_id": 10, "state_id": 221, "county_id": 1, "zip_code": 2550, "name": "General Manuel Belgrano"}, 
	{"id": 351, "country_id": 10, "state_id": 221, "county_id": 1, "zip_code": 2550, "name": "Guarani"}, 
	{"id": 352, "country_id": 10, "state_id": 221, "county_id": 1, "zip_code": 2550, "name": "Iguazu"}, 
	{"id": 353, "country_id": 10, "state_id": 221, "county_id": 1, "zip_code": 2550, "name": "Leandro N Alem"}, 
	{"id": 354, "country_id": 10, "state_id": 221, "county_id": 1, "zip_code": 2550, "name": "Libertador Gral San Martin"}, 
	{"id": 355, "country_id": 10, "state_id": 221, "county_id": 1, "zip_code": 2550, "name": "Montecarlo"}, 
	{"id": 356, "country_id": 10, "state_id": 221, "county_id": 1, "zip_code": 2550, "name": "Obera"}, 
	{"id": 357, "country_id": 10, "state_id": 221, "county_id": 1, "zip_code": 2550, "name": "San Ignacio"}, 
	{"id": 358, "country_id": 10, "state_id": 221, "county_id": 1, "zip_code": 2550, "name": "San Javier"}, 
	{"id": 359, "country_id": 10, "state_id": 221, "county_id": 1, "zip_code": 2550, "name": "San Pedro"}, 
	{"id": 360, "country_id": 10, "state_id": 222, "county_id": 1, "zip_code": 2550, "name": "Aðelo"}, 
	{"id": 361, "country_id": 10, "state_id": 222, "county_id": 1, "zip_code": 2550, "name": "Alumine"}, 
	{"id": 362, "country_id": 10, "state_id": 222, "county_id": 1, "zip_code": 2550, "name": "Catan Lil"}, 
	{"id": 363, "country_id": 10, "state_id": 222, "county_id": 1, "zip_code": 2550, "name": "Chos Malal"}, 
	{"id": 364, "country_id": 10, "state_id": 222, "county_id": 1, "zip_code": 2550, "name": "Collon Cura"}, 
	{"id": 365, "country_id": 10, "state_id": 222, "county_id": 1, "zip_code": 2550, "name": "Confluencia"}, 
	{"id": 366, "country_id": 10, "state_id": 222, "county_id": 1, "zip_code": 2550, "name": "Ðorquin"}, 
	{"id": 367, "country_id": 10, "state_id": 222, "county_id": 1, "zip_code": 2550, "name": "Huiliches"}, 
	{"id": 368, "country_id": 10, "state_id": 222, "county_id": 1, "zip_code": 2550, "name": "Lacar"}, 
	{"id": 369, "country_id": 10, "state_id": 222, "county_id": 1, "zip_code": 2550, "name": "Loncopue"}, 
	{"id": 370, "country_id": 10, "state_id": 222, "county_id": 1, "zip_code": 2550, "name": "Los lagos"}, 
	{"id": 371, "country_id": 10, "state_id": 222, "county_id": 1, "zip_code": 2550, "name": "Minas"}, 
	{"id": 372, "country_id": 10, "state_id": 222, "county_id": 1, "zip_code": 2550, "name": "Pehuenches"}, 
	{"id": 373, "country_id": 10, "state_id": 222, "county_id": 1, "zip_code": 2550, "name": "Picun Leufu"}, 
	{"id": 374, "country_id": 10, "state_id": 222, "county_id": 1, "zip_code": 2550, "name": "Picunches"}, 
	{"id": 375, "country_id": 10, "state_id": 222, "county_id": 1, "zip_code": 2550, "name": "Zapala"}, 
	{"id": 376, "country_id": 10, "state_id": 223, "county_id": 1, "zip_code": 2550, "name": "25 de Mayo"}, 
	{"id": 377, "country_id": 10, "state_id": 223, "county_id": 1, "zip_code": 2550, "name": "9 de Julio"}, 
	{"id": 378, "country_id": 10, "state_id": 223, "county_id": 1, "zip_code": 2550, "name": "Adolfo Alsina"}, 
	{"id": 379, "country_id": 10, "state_id": 223, "county_id": 1, "zip_code": 2550, "name": "Avellaneda"}, 
	{"id": 380, "country_id": 10, "state_id": 223, "county_id": 1, "zip_code": 2550, "name": "Bariloche"}, 
	{"id": 381, "country_id": 10, "state_id": 223, "county_id": 1, "zip_code": 2550, "name": "Conesa"}, 
	{"id": 382, "country_id": 10, "state_id": 223, "county_id": 1, "zip_code": 2550, "name": "Ðorquinco"}, 
	{"id": 383, "country_id": 10, "state_id": 223, "county_id": 1, "zip_code": 2550, "name": "El Cuy"}, 
	{"id": 384, "country_id": 10, "state_id": 223, "county_id": 1, "zip_code": 2550, "name": "General Roca"}, 
	{"id": 385, "country_id": 10, "state_id": 223, "county_id": 1, "zip_code": 2550, "name": "Pichi Mahuida"}, 
	{"id": 386, "country_id": 10, "state_id": 223, "county_id": 1, "zip_code": 2550, "name": "Pilcaniyeu"}, 
	{"id": 387, "country_id": 10, "state_id": 223, "county_id": 1, "zip_code": 2550, "name": "San Antonio"}, 
	{"id": 388, "country_id": 10, "state_id": 223, "county_id": 1, "zip_code": 2550, "name": "Valcheta"}, 
	{"id": 389, "country_id": 10, "state_id": 224, "county_id": 1, "zip_code": 2550, "name": "Anta"}, 
	{"id": 390, "country_id": 10, "state_id": 224, "county_id": 1, "zip_code": 2550, "name": "Cachi"}, 
	{"id": 391, "country_id": 10, "state_id": 224, "county_id": 1, "zip_code": 2550, "name": "Cafayate"}, 
	{"id": 392, "country_id": 10, "state_id": 224, "county_id": 1, "zip_code": 2550, "name": "Capital"}, 
	{"id": 393, "country_id": 10, "state_id": 224, "county_id": 1, "zip_code": 2550, "name": "Cerrillos"}, 
	{"id": 394, "country_id": 10, "state_id": 224, "county_id": 1, "zip_code": 2550, "name": "Chicoana"}, 
	{"id": 395, "country_id": 10, "state_id": 224, "county_id": 1, "zip_code": 2550, "name": "General Jose de San Martin"}, 
	{"id": 396, "country_id": 10, "state_id": 224, "county_id": 1, "zip_code": 2550, "name": "General Martin M Guemes"}, 
	{"id": 397, "country_id": 10, "state_id": 224, "county_id": 1, "zip_code": 2550, "name": "Guachipas"}, 
	{"id": 398, "country_id": 10, "state_id": 224, "county_id": 1, "zip_code": 2550, "name": "Iruya"}, 
	{"id": 399, "country_id": 10, "state_id": 224, "county_id": 1, "zip_code": 2550, "name": "La Caldera"}, 
	{"id": 400, "country_id": 10, "state_id": 224, "county_id": 1, "zip_code": 2550, "name": "La Candelaria"}, 
	{"id": 401, "country_id": 10, "state_id": 224, "county_id": 1, "zip_code": 2550, "name": "La Poma"}, 
	{"id": 402, "country_id": 10, "state_id": 224, "county_id": 1, "zip_code": 2550, "name": "La Viða"}, 
	{"id": 403, "country_id": 10, "state_id": 224, "county_id": 1, "zip_code": 2550, "name": "Los Andes"}, 
	{"id": 404, "country_id": 10, "state_id": 224, "county_id": 1, "zip_code": 2550, "name": "Metan"}, 
	{"id": 405, "country_id": 10, "state_id": 224, "county_id": 1, "zip_code": 2550, "name": "Molinos"}, 
	{"id": 406, "country_id": 10, "state_id": 224, "county_id": 1, "zip_code": 2550, "name": "Oran"}, 
	{"id": 407, "country_id": 10, "state_id": 224, "county_id": 1, "zip_code": 2550, "name": "Rivadavia"}, 
	{"id": 408, "country_id": 10, "state_id": 224, "county_id": 1, "zip_code": 2550, "name": "Rosario de la Frontera"}, 
	{"id": 409, "country_id": 10, "state_id": 224, "county_id": 1, "zip_code": 2550, "name": "Rosario de Lerma"}, 
	{"id": 410, "country_id": 10, "state_id": 224, "county_id": 1, "zip_code": 2550, "name": "San Carlos"}, 
	{"id": 411, "country_id": 10, "state_id": 224, "county_id": 1, "zip_code": 2550, "name": "Santa Victoria"}, 
	{"id": 412, "country_id": 10, "state_id": 225, "county_id": 1, "zip_code": 2550, "name": "25 de Mayo"}, 
	{"id": 413, "country_id": 10, "state_id": 225, "county_id": 1, "zip_code": 2550, "name": "9 de Julio"}, 
	{"id": 414, "country_id": 10, "state_id": 225, "county_id": 1, "zip_code": 2550, "name": "Albardon"}, 
	{"id": 415, "country_id": 10, "state_id": 225, "county_id": 1, "zip_code": 2550, "name": "Angaco"}, 
	{"id": 416, "country_id": 10, "state_id": 225, "county_id": 1, "zip_code": 2550, "name": "Calingasta"}, 
	{"id": 417, "country_id": 10, "state_id": 225, "county_id": 1, "zip_code": 2550, "name": "Capital"}, 
	{"id": 418, "country_id": 10, "state_id": 225, "county_id": 1, "zip_code": 2550, "name": "Caucete"}, 
	{"id": 419, "country_id": 10, "state_id": 225, "county_id": 1, "zip_code": 2550, "name": "Chimbas"}, 
	{"id": 420, "country_id": 10, "state_id": 225, "county_id": 1, "zip_code": 2550, "name": "Iglesia"}, 
	{"id": 421, "country_id": 10, "state_id": 225, "county_id": 1, "zip_code": 2550, "name": "Jachal"}, 
	{"id": 422, "country_id": 10, "state_id": 225, "county_id": 1, "zip_code": 2550, "name": "Pocito"}, 
	{"id": 423, "country_id": 10, "state_id": 225, "county_id": 1, "zip_code": 2550, "name": "Rawson"}, 
	{"id": 424, "country_id": 10, "state_id": 225, "county_id": 1, "zip_code": 2550, "name": "Rivadavia"}, 
	{"id": 425, "country_id": 10, "state_id": 225, "county_id": 1, "zip_code": 2550, "name": "San Martin"}, 
	{"id": 426, "country_id": 10, "state_id": 225, "county_id": 1, "zip_code": 2550, "name": "Santa Lucia"}, 
	{"id": 427, "country_id": 10, "state_id": 225, "county_id": 1, "zip_code": 2550, "name": "Sarmiento"}, 
	{"id": 428, "country_id": 10, "state_id": 225, "county_id": 1, "zip_code": 2550, "name": "Ullum"}, 
	{"id": 429, "country_id": 10, "state_id": 225, "county_id": 1, "zip_code": 2550, "name": "Valle Fertil"}, 
	{"id": 430, "country_id": 10, "state_id": 225, "county_id": 1, "zip_code": 2550, "name": "Zonda"}, 
	{"id": 431, "country_id": 10, "state_id": 226, "county_id": 1, "zip_code": 2550, "name": "Ayacucho"}, 
	{"id": 432, "country_id": 10, "state_id": 226, "county_id": 1, "zip_code": 2550, "name": "Belgrano"}, 
	{"id": 433, "country_id": 10, "state_id": 226, "county_id": 1, "zip_code": 2550, "name": "Chacabuco"}, 
	{"id": 434, "country_id": 10, "state_id": 226, "county_id": 1, "zip_code": 2550, "name": "Coronel Pringles"}, 
	{"id": 435, "country_id": 10, "state_id": 226, "county_id": 1, "zip_code": 2550, "name": "General Pedernera"}, 
	{"id": 436, "country_id": 10, "state_id": 226, "county_id": 1, "zip_code": 2550, "name": "Gobernador Dupuy"}, 
	{"id": 437, "country_id": 10, "state_id": 226, "county_id": 1, "zip_code": 2550, "name": "Junin"}, 
	{"id": 438, "country_id": 10, "state_id": 226, "county_id": 1, "zip_code": 2550, "name": "La Capital"}, 
	{"id": 439, "country_id": 10, "state_id": 226, "county_id": 1, "zip_code": 2550, "name": "Libertador Gral San Martin"}, 
	{"id": 440, "country_id": 10, "state_id": 227, "county_id": 1, "zip_code": 2550, "name": "Corpen Aike"}, 
	{"id": 441, "country_id": 10, "state_id": 227, "county_id": 1, "zip_code": 2550, "name": "Deseado"}, 
	{"id": 442, "country_id": 10, "state_id": 227, "county_id": 1, "zip_code": 2550, "name": "Guer Aike"}, 
	{"id": 443, "country_id": 10, "state_id": 227, "county_id": 1, "zip_code": 2550, "name": "Lago Argentino"}, 
	{"id": 444, "country_id": 10, "state_id": 227, "county_id": 1, "zip_code": 2550, "name": "Lago Buenos Aires"}, 
	{"id": 445, "country_id": 10, "state_id": 227, "county_id": 1, "zip_code": 2550, "name": "Magallanes"}, 
	{"id": 446, "country_id": 10, "state_id": 227, "county_id": 1, "zip_code": 2550, "name": "Rio Chico"}, 
	{"id": 447, "country_id": 10, "state_id": 228, "county_id": 1, "zip_code": 2550, "name": "9 de Julio"}, 
	{"id": 448, "country_id": 10, "state_id": 228, "county_id": 1, "zip_code": 2550, "name": "Belgrano"}, 
	{"id": 449, "country_id": 10, "state_id": 228, "county_id": 1, "zip_code": 2550, "name": "Caseros"}, 
	{"id": 450, "country_id": 10, "state_id": 228, "county_id": 1, "zip_code": 2550, "name": "Castellanos"}, 
	{"id": 451, "country_id": 10, "state_id": 228, "county_id": 1, "zip_code": 2550, "name": "Constitucion"}, 
	{"id": 452, "country_id": 10, "state_id": 228, "county_id": 1, "zip_code": 2550, "name": "Garay"}, 
	{"id": 453, "country_id": 10, "state_id": 228, "county_id": 1, "zip_code": 2550, "name": "General Lopez"}, 
	{"id": 454, "country_id": 10, "state_id": 228, "county_id": 1, "zip_code": 2550, "name": "General Obligado"}, 
	{"id": 455, "country_id": 10, "state_id": 228, "county_id": 1, "zip_code": 2550, "name": "Iriondo"}, 
	{"id": 456, "country_id": 10, "state_id": 228, "county_id": 1, "zip_code": 2550, "name": "La Capital"}, 
	{"id": 457, "country_id": 10, "state_id": 228, "county_id": 1, "zip_code": 2550, "name": "Las Colonias"}, 
	{"id": 458, "country_id": 10, "state_id": 228, "county_id": 1, "zip_code": 2550, "name": "Rosario"}, 
	{"id": 459, "country_id": 10, "state_id": 228, "county_id": 1, "zip_code": 2550, "name": "San Cristobal"}, 
	{"id": 460, "country_id": 10, "state_id": 228, "county_id": 1, "zip_code": 2550, "name": "San Javier"}, 
	{"id": 461, "country_id": 10, "state_id": 228, "county_id": 1, "zip_code": 2550, "name": "San Jeronimo"}, 
	{"id": 462, "country_id": 10, "state_id": 228, "county_id": 1, "zip_code": 2550, "name": "San Justo"}, 
	{"id": 463, "country_id": 10, "state_id": 228, "county_id": 1, "zip_code": 2550, "name": "San Lorenzo"}, 
	{"id": 464, "country_id": 10, "state_id": 228, "county_id": 1, "zip_code": 2550, "name": "San Martin"}, 
	{"id": 465, "country_id": 10, "state_id": 228, "county_id": 1, "zip_code": 2550, "name": "Vera"}, 
	{"id": 466, "country_id": 10, "state_id": 229, "county_id": 1, "zip_code": 2550, "name": "Aguirre"}, 
	{"id": 467, "country_id": 10, "state_id": 229, "county_id": 1, "zip_code": 2550, "name": "Alberdi"}, 
	{"id": 468, "country_id": 10, "state_id": 229, "county_id": 1, "zip_code": 2550, "name": "Atamisqui"}, 
	{"id": 469, "country_id": 10, "state_id": 229, "county_id": 1, "zip_code": 2550, "name": "Avellaneda"}, 
	{"id": 470, "country_id": 10, "state_id": 229, "county_id": 1, "zip_code": 2550, "name": "Banda"}, 
	{"id": 471, "country_id": 10, "state_id": 229, "county_id": 1, "zip_code": 2550, "name": "Belgrano"}, 
	{"id": 472, "country_id": 10, "state_id": 229, "county_id": 1, "zip_code": 2550, "name": "Brigadier Juan F Ibarra"}, 
	{"id": 473, "country_id": 10, "state_id": 229, "county_id": 1, "zip_code": 2550, "name": "Capital"}, 
	{"id": 474, "country_id": 10, "state_id": 229, "county_id": 1, "zip_code": 2550, "name": "Choya"}, 
	{"id": 475, "country_id": 10, "state_id": 229, "county_id": 1, "zip_code": 2550, "name": "Copo"}, 
	{"id": 476, "country_id": 10, "state_id": 229, "county_id": 1, "zip_code": 2550, "name": "Figueroa"}, 
	{"id": 477, "country_id": 10, "state_id": 229, "county_id": 1, "zip_code": 2550, "name": "General San Martin"}, 
	{"id": 478, "country_id": 10, "state_id": 229, "county_id": 1, "zip_code": 2550, "name": "General Taboada"}, 
	{"id": 479, "country_id": 10, "state_id": 229, "county_id": 1, "zip_code": 2550, "name": "Guasayan"}, 
	{"id": 480, "country_id": 10, "state_id": 229, "county_id": 1, "zip_code": 2550, "name": "Jimenez"}, 
	{"id": 481, "country_id": 10, "state_id": 229, "county_id": 1, "zip_code": 2550, "name": "Loreto"}, 
	{"id": 482, "country_id": 10, "state_id": 229, "county_id": 1, "zip_code": 2550, "name": "Mitre"}, 
	{"id": 483, "country_id": 10, "state_id": 229, "county_id": 1, "zip_code": 2550, "name": "Moreno"}, 
	{"id": 484, "country_id": 10, "state_id": 229, "county_id": 1, "zip_code": 2550, "name": "Ojo de Agua"}, 
	{"id": 485, "country_id": 10, "state_id": 229, "county_id": 1, "zip_code": 2550, "name": "Pellegrini"}, 
	{"id": 486, "country_id": 10, "state_id": 229, "county_id": 1, "zip_code": 2550, "name": "Quebrachos"}, 
	{"id": 487, "country_id": 10, "state_id": 229, "county_id": 1, "zip_code": 2550, "name": "Rio Hondo"}, 
	{"id": 488, "country_id": 10, "state_id": 229, "county_id": 1, "zip_code": 2550, "name": "Rivadavia"}, 
	{"id": 489, "country_id": 10, "state_id": 229, "county_id": 1, "zip_code": 2550, "name": "Robles"}, 
	{"id": 490, "country_id": 10, "state_id": 229, "county_id": 1, "zip_code": 2550, "name": "Salavina"}, 
	{"id": 491, "country_id": 10, "state_id": 229, "county_id": 1, "zip_code": 2550, "name": "Sarmiento"}, 
	{"id": 492, "country_id": 10, "state_id": 229, "county_id": 1, "zip_code": 2550, "name": "Silipica"}, 
	{"id": 493, "country_id": 10, "state_id": 230, "county_id": 1, "zip_code": 2550, "name": "Antartida"}, 
	{"id": 494, "country_id": 10, "state_id": 230, "county_id": 1, "zip_code": 2550, "name": "Malvinas"}, 
	{"id": 495, "country_id": 10, "state_id": 230, "county_id": 1, "zip_code": 2550, "name": "Rio Grande"}, 
	{"id": 496, "country_id": 10, "state_id": 230, "county_id": 1, "zip_code": 2550, "name": "Ushuaia"}, 
	{"id": 497, "country_id": 10, "state_id": 231, "county_id": 1, "zip_code": 2550, "name": "Burruyacu"}, 
	{"id": 498, "country_id": 10, "state_id": 231, "county_id": 1, "zip_code": 2550, "name": "Capital"}, 
	{"id": 499, "country_id": 10, "state_id": 231, "county_id": 1, "zip_code": 2550, "name": "Chicligasta"}, 
	{"id": 500, "country_id": 10, "state_id": 231, "county_id": 1, "zip_code": 2550, "name": "Cruz Alta"}, 
	{"id": 501, "country_id": 10, "state_id": 231, "county_id": 1, "zip_code": 2550, "name": "Famailla"}, 
	{"id": 502, "country_id": 10, "state_id": 231, "county_id": 1, "zip_code": 2550, "name": "Graneros"}, 
	{"id": 503, "country_id": 10, "state_id": 231, "county_id": 1, "zip_code": 2550, "name": "Juan B Alberdi"}, 
	{"id": 504, "country_id": 10, "state_id": 231, "county_id": 1, "zip_code": 2550, "name": "La Cocha"}, 
	{"id": 505, "country_id": 10, "state_id": 231, "county_id": 1, "zip_code": 2550, "name": "Leales"}, 
	{"id": 506, "country_id": 10, "state_id": 231, "county_id": 1, "zip_code": 2550, "name": "Lules"}, 
	{"id": 507, "country_id": 10, "state_id": 231, "county_id": 1, "zip_code": 2550, "name": "Monteros"}, 
	{"id": 508, "country_id": 10, "state_id": 231, "county_id": 1, "zip_code": 2550, "name": "Rio Chico"}, 
	{"id": 509, "country_id": 10, "state_id": 231, "county_id": 1, "zip_code": 2550, "name": "Simoca"}, 
	{"id": 510, "country_id": 10, "state_id": 231, "county_id": 1, "zip_code": 2550, "name": "Tafi del Valle"}, 
	{"id": 511, "country_id": 10, "state_id": 231, "county_id": 1, "zip_code": 2550, "name": "Tafi Viejo"}, 
	{"id": 512, "country_id": 10, "state_id": 231, "county_id": 1, "zip_code": 2550, "name": "Trancas"}, 
	{"id": 513, "country_id": 10, "state_id": 231, "county_id": 1, "zip_code": 2550, "name": "Yerba Buena"}
]